{
	"parent": "item/handheld",
	"textures": {
		"layer0": "item/iron_pickaxe"
	},
	"overrides": [

        {"predicate": {"custom_model_data":0}, "model":"item/iron_pickaxe"},

        {"predicate": {"custom_model_data":10}, "model":"item/weapons/m134/camo/m134"},
        {"predicate": {"custom_model_data":11}, "model":"item/weapons/m134/camo/m134_zo0m"},
        {"predicate": {"custom_model_data":12}, "model":"item/weapons/m134/original/m134"},
        {"predicate": {"custom_model_data":13}, "model":"item/weapons/m134/original/m134_zoom"}
	]
}