{"credit":"Thiomasas","ambientocclusion":false,"textures":{"1":"weapons/primary/m134/camo/1","2":"weapons/primary/m134/camo/2","3":"weapons/primary/m134/camo/3","4":"weapons/primary/m134/camo/4","5":"weapons/primary/m134/camo/5","6":"weapons/primary/m134/camo/6","a":"weapons/primary/m134/camo/a","b":"weapons/primary/m134/camo/b","c":"weapons/primary/m134/camo/c","d":"weapons/primary/m134/camo/d"},"elements":[{"from":[7.5,6.5,-11.25],"to":[8,7,6.25],"faces":{"north":{"uv":[0,0,8,8],"texture":"#1"},"east":{"uv":[8,0,16,8],"texture":"#1"},"south":{"uv":[0,0,8,8],"texture":"#1"},"west":{"uv":[8,0,16,8],"texture":"#1"},"up":{"uv":[8,0,16,8],"rotation":90,"texture":"#1"},"down":{"uv":[8,0,16,8],"rotation":90,"texture":"#1"}}},{"from":[8,6.5,-11.25],"to":[8.5,7,6.25],"rotation":{"angle":22.5,"axis":"z","origin":[8,6.5,-11.25]},"faces":{"north":{"uv":[0,0,8,8],"texture":"#4"},"east":{"uv":[8,0,16,8],"texture":"#4"},"south":{"uv":[0,0,8,8],"texture":"#4"},"west":{"uv":[8,0,16,8],"texture":"#4"},"up":{"uv":[8,0,16,8],"rotation":90,"texture":"#4"},"down":{"uv":[8,0,16,8],"rotation":90,"texture":"#4"}}},{"from":[7,6.5,-11.25],"to":[7.5,7,6.25],"rotation":{"angle":-22.5,"axis":"z","origin":[7.5,6.5,-11.25]},"faces":{"north":{"uv":[8,8,0,0],"rotation":270,"texture":"#2"},"east":{"uv":[8,0,16,8],"texture":"#2"},"south":{"uv":[8,8,0,0],"rotation":90,"texture":"#2"},"west":{"uv":[16,8,8,0],"rotation":180,"texture":"#2"},"up":{"uv":[8,0,16,8],"rotation":270,"texture":"#2"},"down":{"uv":[16,8,8,0],"rotation":90,"texture":"#2"}}},{"from":[6.5,7,-11.25],"to":[7,7.5,6.25],"rotation":{"angle":22.5,"axis":"z","origin":[6.5,7.5,-11.25]},"faces":{"north":{"uv":[8,8,0,0],"rotation":90,"texture":"#4"},"east":{"uv":[8,0,16,8],"rotation":180,"texture":"#4"},"south":{"uv":[8,8,0,0],"rotation":270,"texture":"#4"},"west":{"uv":[16,8,8,0],"texture":"#4"},"up":{"uv":[16,8,8,0],"rotation":270,"texture":"#4"},"down":{"uv":[8,0,16,8],"rotation":90,"texture":"#4"}}},{"from":[8.5,7.5,-11.25],"to":[9,8,6.25],"faces":{"north":{"uv":[8,8,0,0],"rotation":90,"texture":"#1"},"east":{"uv":[8,0,16,8],"rotation":180,"texture":"#1"},"south":{"uv":[8,8,0,0],"rotation":270,"texture":"#1"},"west":{"uv":[16,8,8,0],"texture":"#1"},"up":{"uv":[16,8,8,0],"rotation":270,"texture":"#1"},"down":{"uv":[8,0,16,8],"rotation":90,"texture":"#1"}}},{"from":[8.5,7,-11.25],"to":[9,7.5,6.25],"rotation":{"angle":-22.5,"axis":"z","origin":[9,7.5,-11.25]},"faces":{"north":{"uv":[0,0,8,8],"rotation":90,"texture":"#2"},"east":{"uv":[16,8,8,0],"rotation":180,"texture":"#2"},"south":{"uv":[0,0,8,8],"rotation":270,"texture":"#2"},"west":{"uv":[8,0,16,8],"texture":"#2"},"up":{"uv":[8,0,16,8],"rotation":270,"texture":"#2"},"down":{"uv":[16,8,8,0],"rotation":90,"texture":"#2"}}},{"from":[6.6793,6.9859,-11.25],"to":[7.1793,7.4859,6.25],"rotation":{"angle":-45,"axis":"z","origin":[6.75,7,-11.25]},"faces":{"north":{"uv":[8,8,0,0],"rotation":180,"texture":"#3"},"east":{"uv":[16,8,8,0],"rotation":180,"texture":"#3"},"south":{"uv":[8,8,0,0],"rotation":180,"texture":"#3"},"west":{"uv":[16,8,8,0],"rotation":180,"texture":"#3"},"up":{"uv":[8,0,16,8],"rotation":90,"texture":"#3"},"down":{"uv":[8,0,16,8],"rotation":90,"texture":"#3"}}},{"from":[8.0826,7.0141,-11.25],"to":[8.5826,7.5141,6.25],"rotation":{"angle":-45,"axis":"z","origin":[8.125,7,-11.25]},"faces":{"north":{"uv":[8,8,0,0],"rotation":180,"texture":"#3"},"east":{"uv":[16,8,8,0],"rotation":180,"texture":"#3"},"south":{"uv":[8,8,0,0],"rotation":180,"texture":"#3"},"west":{"uv":[16,8,8,0],"rotation":180,"texture":"#3"},"up":{"uv":[8,0,16,8],"rotation":90,"texture":"#3"},"down":{"uv":[8,0,16,8],"rotation":90,"texture":"#3"}}},{"from":[6.5,7.5,-11.25],"to":[7,8,6.25],"faces":{"north":{"uv":[0,0,8,8],"rotation":90,"texture":"#1"},"east":{"uv":[16,8,8,0],"rotation":180,"texture":"#1"},"south":{"uv":[0,0,8,8],"rotation":270,"texture":"#1"},"west":{"uv":[8,0,16,8],"texture":"#1"},"up":{"uv":[8,0,16,8],"rotation":270,"texture":"#1"},"down":{"uv":[16,8,8,0],"rotation":90,"texture":"#1"}}},{"from":[6.5381,7.8087,-11.25],"to":[7.0381,8.3087,6.25],"rotation":{"angle":-22.5,"axis":"z","origin":[7,8,-11.25]},"faces":{"north":{"uv":[8,8,0,0],"rotation":90,"texture":"#2"},"east":{"uv":[8,0,16,8],"rotation":180,"texture":"#2"},"south":{"uv":[8,8,0,0],"rotation":270,"texture":"#2"},"west":{"uv":[16,8,8,0],"texture":"#2"},"up":{"uv":[16,8,8,0],"rotation":270,"texture":"#2"},"down":{"uv":[8,0,16,8],"rotation":90,"texture":"#2"}}},{"from":[6.454,8.1046,-11.25],"to":[6.954,8.6046,6.25],"rotation":{"angle":-45,"axis":"z","origin":[7,8,-11.25]},"faces":{"north":{"uv":[0,0,8,8],"rotation":180,"texture":"#3"},"east":{"uv":[16,8,8,0],"texture":"#3"},"south":{"uv":[0,0,8,8],"rotation":180,"texture":"#3"},"west":{"uv":[16,8,8,0],"texture":"#3"},"up":{"uv":[8,0,16,8],"rotation":270,"texture":"#3"},"down":{"uv":[8,0,16,8],"rotation":270,"texture":"#3"}}},{"from":[7.3446,8.2325,-11.25],"to":[7.8446,8.7325,6.25],"rotation":{"angle":22.5,"axis":"z","origin":[7,8,-11.25]},"faces":{"north":{"uv":[8,8,0,0],"texture":"#4"},"east":{"uv":[8,0,16,8],"rotation":180,"texture":"#4"},"south":{"uv":[8,8,0,0],"texture":"#4"},"west":{"uv":[8,0,16,8],"rotation":180,"texture":"#4"},"up":{"uv":[8,0,16,8],"rotation":270,"texture":"#4"},"down":{"uv":[8,0,16,8],"rotation":270,"texture":"#4"}}},{"from":[7.5,8.5,-11.25],"to":[8,9,6.25],"faces":{"north":{"uv":[8,8,0,0],"texture":"#1"},"east":{"uv":[8,0,16,8],"rotation":180,"texture":"#1"},"south":{"uv":[8,8,0,0],"texture":"#1"},"west":{"uv":[8,0,16,8],"rotation":180,"texture":"#1"},"up":{"uv":[8,0,16,8],"rotation":270,"texture":"#1"},"down":{"uv":[8,0,16,8],"rotation":270,"texture":"#1"}}},{"from":[7.5412,8.8066,-11.25],"to":[8.0412,9.3066,6.25],"rotation":{"angle":-22.5,"axis":"z","origin":[7,8,-11.25]},"faces":{"north":{"uv":[0,0,8,8],"rotation":270,"texture":"#2"},"east":{"uv":[16,8,8,0],"texture":"#2"},"south":{"uv":[0,0,8,8],"rotation":90,"texture":"#2"},"west":{"uv":[8,0,16,8],"rotation":180,"texture":"#2"},"up":{"uv":[16,8,8,0],"rotation":270,"texture":"#2"},"down":{"uv":[8,0,16,8],"rotation":90,"texture":"#2"}}},{"from":[7.4546,9.1051,-11.25],"to":[7.9546,9.6051,6.25],"rotation":{"angle":-45,"axis":"z","origin":[7,8,-11.25]},"faces":{"north":{"uv":[0,0,8,8],"rotation":180,"texture":"#3"},"east":{"uv":[16,8,8,0],"texture":"#3"},"south":{"uv":[0,0,8,8],"rotation":180,"texture":"#3"},"west":{"uv":[16,8,8,0],"texture":"#3"},"up":{"uv":[8,0,16,8],"rotation":270,"texture":"#3"},"down":{"uv":[8,0,16,8],"rotation":270,"texture":"#3"}}},{"from":[8.3478,7.2346,-11.25],"to":[8.8478,7.7346,6.25],"rotation":{"angle":22.5,"axis":"z","origin":[7,8,-11.25]},"faces":{"north":{"uv":[0,0,8,8],"rotation":90,"texture":"#4"},"east":{"uv":[16,8,8,0],"rotation":180,"texture":"#4"},"south":{"uv":[0,0,8,8],"rotation":270,"texture":"#4"},"west":{"uv":[8,0,16,8],"texture":"#4"},"up":{"uv":[8,0,16,8],"rotation":270,"texture":"#4"},"down":{"uv":[16,8,8,0],"rotation":90,"texture":"#4"}}},{"from":[7.125,6.25,-10.5],"to":[8.375,9.25,-10],"faces":{"north":{"uv":[8,0,16,8],"texture":"#5"},"east":{"uv":[8,0,16,8],"texture":"#5"},"south":{"uv":[8,0,16,8],"texture":"#5"},"west":{"uv":[8,0,16,8],"texture":"#5"},"up":{"uv":[0,8,8,0],"rotation":180,"texture":"#5"},"down":{"uv":[0,0,8,8],"rotation":180,"texture":"#5"}}},{"from":[6.25,7.125,-10.5],"to":[9.25,8.375,-10],"faces":{"north":{"uv":[8,0,16,8],"texture":"#5"},"east":{"uv":[0,8,8,0],"rotation":270,"texture":"#5"},"south":{"uv":[8,0,16,8],"texture":"#5"},"west":{"uv":[0,0,8,8],"rotation":270,"texture":"#5"},"up":{"uv":[8,0,16,8],"rotation":90,"texture":"#5"},"down":{"uv":[8,0,16,8],"rotation":90,"texture":"#5"}}},{"from":[8.375,6.25,-10.5],"to":[9.615,9.255,-10],"rotation":{"angle":45,"axis":"z","origin":[8.375,6.25,-10.5]},"faces":{"north":{"uv":[8,0,16,8],"texture":"#5"},"east":{"uv":[8,0,16,8],"texture":"#5"},"south":{"uv":[8,0,16,8],"texture":"#5"},"west":{"uv":[8,0,16,8],"texture":"#5"},"up":{"uv":[0,0,8,8],"texture":"#5"},"down":{"uv":[0,0,8,8],"rotation":180,"texture":"#5"}}},{"from":[8.01,5.37,-10.5],"to":[9.25,8.375,-10],"rotation":{"angle":-45,"axis":"z","origin":[9.25,8.375,-10.5]},"faces":{"north":{"uv":[8,0,16,8],"texture":"#5"},"east":{"uv":[8,0,16,8],"rotation":180,"texture":"#5"},"south":{"uv":[8,0,16,8],"texture":"#5"},"west":{"uv":[8,0,16,8],"rotation":180,"texture":"#5"},"up":{"uv":[8,8,0,0],"rotation":180,"texture":"#5"},"down":{"uv":[0,0,8,8],"rotation":180,"texture":"#5"}}},{"from":[7.125,6.25,-8.5],"to":[8.375,9.25,-8],"faces":{"north":{"uv":[8,0,16,8],"texture":"#5"},"east":{"uv":[8,0,16,8],"texture":"#5"},"south":{"uv":[8,0,16,8],"texture":"#5"},"west":{"uv":[8,0,16,8],"texture":"#5"},"up":{"uv":[0,8,8,0],"rotation":180,"texture":"#5"},"down":{"uv":[0,0,8,8],"rotation":180,"texture":"#5"}}},{"from":[6.25,7.125,-8.5],"to":[9.25,8.375,-8],"faces":{"north":{"uv":[8,0,16,8],"texture":"#5"},"east":{"uv":[0,8,8,0],"rotation":270,"texture":"#5"},"south":{"uv":[8,0,16,8],"texture":"#5"},"west":{"uv":[0,0,8,8],"rotation":270,"texture":"#5"},"up":{"uv":[8,0,16,8],"rotation":90,"texture":"#5"},"down":{"uv":[8,0,16,8],"rotation":90,"texture":"#5"}}},{"from":[8.375,6.25,-8.5],"to":[9.615,9.255,-8],"rotation":{"angle":45,"axis":"z","origin":[8.375,6.25,-8.5]},"faces":{"north":{"uv":[8,0,16,8],"texture":"#5"},"east":{"uv":[8,0,16,8],"texture":"#5"},"south":{"uv":[8,0,16,8],"texture":"#5"},"west":{"uv":[8,0,16,8],"texture":"#5"},"up":{"uv":[0,0,8,8],"texture":"#5"},"down":{"uv":[0,0,8,8],"rotation":180,"texture":"#5"}}},{"from":[8.01,5.37,-8.5],"to":[9.25,8.375,-8],"rotation":{"angle":-45,"axis":"z","origin":[9.25,8.375,-8.5]},"faces":{"north":{"uv":[8,0,16,8],"texture":"#5"},"east":{"uv":[8,0,16,8],"rotation":180,"texture":"#5"},"south":{"uv":[8,0,16,8],"texture":"#5"},"west":{"uv":[8,0,16,8],"rotation":180,"texture":"#5"},"up":{"uv":[8,8,0,0],"rotation":180,"texture":"#5"},"down":{"uv":[0,0,8,8],"rotation":180,"texture":"#5"}}},{"from":[8.01,5.37,-6.5],"to":[9.25,8.375,-6],"rotation":{"angle":-45,"axis":"z","origin":[9.25,8.375,-6.5]},"faces":{"north":{"uv":[8,0,16,8],"texture":"#5"},"east":{"uv":[8,0,16,8],"rotation":180,"texture":"#5"},"south":{"uv":[8,0,16,8],"texture":"#5"},"west":{"uv":[8,0,16,8],"rotation":180,"texture":"#5"},"up":{"uv":[8,8,0,0],"rotation":180,"texture":"#5"},"down":{"uv":[0,0,8,8],"rotation":180,"texture":"#5"}}},{"from":[7.125,6.25,-6.5],"to":[8.375,9.25,-6],"faces":{"north":{"uv":[8,0,16,8],"texture":"#5"},"east":{"uv":[8,0,16,8],"texture":"#5"},"south":{"uv":[8,0,16,8],"texture":"#5"},"west":{"uv":[8,0,16,8],"texture":"#5"},"up":{"uv":[0,8,8,0],"rotation":180,"texture":"#5"},"down":{"uv":[0,0,8,8],"rotation":180,"texture":"#5"}}},{"from":[6.25,7.125,-6.5],"to":[9.25,8.375,-6],"faces":{"north":{"uv":[8,0,16,8],"texture":"#5"},"east":{"uv":[0,8,8,0],"rotation":270,"texture":"#5"},"south":{"uv":[8,0,16,8],"texture":"#5"},"west":{"uv":[0,0,8,8],"rotation":270,"texture":"#5"},"up":{"uv":[8,0,16,8],"rotation":90,"texture":"#5"},"down":{"uv":[8,0,16,8],"rotation":90,"texture":"#5"}}},{"from":[8.375,6.25,-6.5],"to":[9.615,9.255,-6],"rotation":{"angle":45,"axis":"z","origin":[8.375,6.25,-6.5]},"faces":{"north":{"uv":[8,0,16,8],"texture":"#5"},"east":{"uv":[8,0,16,8],"texture":"#5"},"south":{"uv":[8,0,16,8],"texture":"#5"},"west":{"uv":[8,0,16,8],"texture":"#5"},"up":{"uv":[0,0,8,8],"texture":"#5"},"down":{"uv":[0,0,8,8],"rotation":180,"texture":"#5"}}},{"from":[7.125,6.25,-2.25],"to":[8.375,9.25,-1.25],"faces":{"north":{"uv":[8,0,16,8],"texture":"#5"},"east":{"uv":[8,0,16,8],"texture":"#5"},"south":{"uv":[8,0,16,8],"texture":"#5"},"west":{"uv":[8,0,16,8],"texture":"#5"},"up":{"uv":[0,8,8,0],"rotation":180,"texture":"#5"},"down":{"uv":[0,0,8,8],"rotation":180,"texture":"#5"}}},{"from":[8.375,6.25,-2.25],"to":[9.615,9.255,-1.25],"rotation":{"angle":45,"axis":"z","origin":[8.375,6.25,-2.25]},"faces":{"north":{"uv":[8,0,16,8],"texture":"#5"},"east":{"uv":[8,0,16,8],"texture":"#5"},"south":{"uv":[8,0,16,8],"texture":"#5"},"west":{"uv":[8,0,16,8],"texture":"#5"},"up":{"uv":[0,0,8,8],"texture":"#5"},"down":{"uv":[0,0,8,8],"rotation":180,"texture":"#5"}}},{"from":[6.25,7.125,-2.25],"to":[9.25,8.375,-1.25],"faces":{"north":{"uv":[8,0,16,8],"texture":"#5"},"east":{"uv":[0,8,8,0],"rotation":270,"texture":"#5"},"south":{"uv":[8,0,16,8],"texture":"#5"},"west":{"uv":[0,0,8,8],"rotation":270,"texture":"#5"},"up":{"uv":[8,0,16,8],"rotation":90,"texture":"#5"},"down":{"uv":[8,0,16,8],"rotation":90,"texture":"#5"}}},{"from":[8.01,5.37,-2.25],"to":[9.25,8.375,-1.25],"rotation":{"angle":-45,"axis":"z","origin":[9.25,8.375,-2.25]},"faces":{"north":{"uv":[8,0,16,8],"texture":"#5"},"east":{"uv":[8,0,16,8],"rotation":180,"texture":"#5"},"south":{"uv":[8,0,16,8],"texture":"#5"},"west":{"uv":[8,0,16,8],"rotation":180,"texture":"#5"},"up":{"uv":[8,8,0,0],"rotation":180,"texture":"#5"},"down":{"uv":[0,0,8,8],"rotation":180,"texture":"#5"}}},{"from":[7.75,6.125,-2.25],"to":[9,9.125,-1.25],"rotation":{"angle":22.5,"axis":"z","origin":[7.75,6.125,-2.25]},"faces":{"north":{"uv":[8,0,16,8],"texture":"#6"},"east":{"uv":[8,0,16,8],"texture":"#6"},"south":{"uv":[8,0,16,8],"texture":"#6"},"west":{"uv":[8,0,16,8],"texture":"#6"},"up":{"uv":[0,8,8,0],"rotation":180,"texture":"#6"},"down":{"uv":[0,0,8,8],"rotation":180,"texture":"#6"}}},{"from":[7.75,6.125,-10.5],"to":[9,9.125,-10],"rotation":{"angle":22.5,"axis":"z","origin":[7.75,6.125,-2.25]},"faces":{"north":{"uv":[8,0,16,8],"texture":"#6"},"east":{"uv":[8,0,16,8],"texture":"#6"},"south":{"uv":[8,0,16,8],"texture":"#6"},"west":{"uv":[8,0,16,8],"texture":"#6"},"up":{"uv":[0,8,8,0],"rotation":180,"texture":"#6"},"down":{"uv":[0,0,8,8],"rotation":180,"texture":"#6"}}},{"from":[6.875,7,-10.5],"to":[9.875,8.25,-10],"rotation":{"angle":22.5,"axis":"z","origin":[7.75,6.125,-2.25]},"faces":{"north":{"uv":[8,0,16,8],"texture":"#6"},"east":{"uv":[0,8,8,0],"rotation":270,"texture":"#6"},"south":{"uv":[8,0,16,8],"texture":"#6"},"west":{"uv":[0,0,8,8],"rotation":270,"texture":"#6"},"up":{"uv":[8,0,16,8],"rotation":90,"texture":"#6"},"down":{"uv":[8,0,16,8],"rotation":90,"texture":"#6"}}},{"from":[6.8661,7.2511,-10.5],"to":[9.8711,8.4911,-10],"rotation":{"angle":-22.5,"axis":"z","origin":[7.75,9.375,-2.25]},"faces":{"north":{"uv":[8,0,16,8],"rotation":270,"texture":"#6"},"east":{"uv":[8,8,0,0],"rotation":270,"texture":"#6"},"south":{"uv":[8,0,16,8],"rotation":90,"texture":"#6"},"west":{"uv":[0,0,8,8],"rotation":270,"texture":"#6"},"up":{"uv":[16,8,8,0],"rotation":270,"texture":"#6"},"down":{"uv":[8,0,16,8],"rotation":90,"texture":"#6"}}},{"from":[6.51,6.1252,-10.5],"to":[7.75,9.1302,-10],"rotation":{"angle":-22.5,"axis":"z","origin":[7.75,6.125,-2.25]},"faces":{"north":{"uv":[8,0,16,8],"texture":"#6"},"east":{"uv":[8,0,16,8],"rotation":180,"texture":"#6"},"south":{"uv":[8,0,16,8],"texture":"#6"},"west":{"uv":[8,0,16,8],"rotation":180,"texture":"#6"},"up":{"uv":[8,8,0,0],"rotation":180,"texture":"#6"},"down":{"uv":[0,0,8,8],"rotation":180,"texture":"#6"}}},{"from":[7.75,6.125,-8.5],"to":[9,9.125,-8],"rotation":{"angle":22.5,"axis":"z","origin":[7.75,6.125,-2.25]},"faces":{"north":{"uv":[8,0,16,8],"texture":"#6"},"east":{"uv":[8,0,16,8],"texture":"#6"},"south":{"uv":[8,0,16,8],"texture":"#6"},"west":{"uv":[8,0,16,8],"texture":"#6"},"up":{"uv":[0,8,8,0],"rotation":180,"texture":"#6"},"down":{"uv":[0,0,8,8],"rotation":180,"texture":"#6"}}},{"from":[6.875,7,-8.5],"to":[9.875,8.25,-8],"rotation":{"angle":22.5,"axis":"z","origin":[7.75,6.125,-2.25]},"faces":{"north":{"uv":[8,0,16,8],"texture":"#6"},"east":{"uv":[0,8,8,0],"rotation":270,"texture":"#6"},"south":{"uv":[8,0,16,8],"texture":"#6"},"west":{"uv":[0,0,8,8],"rotation":270,"texture":"#6"},"up":{"uv":[8,0,16,8],"rotation":90,"texture":"#6"},"down":{"uv":[8,0,16,8],"rotation":90,"texture":"#6"}}},{"from":[6.8661,7.2511,-8.5],"to":[9.8711,8.4911,-8],"rotation":{"angle":-22.5,"axis":"z","origin":[7.75,9.375,-2.25]},"faces":{"north":{"uv":[8,0,16,8],"rotation":270,"texture":"#6"},"east":{"uv":[8,8,0,0],"rotation":270,"texture":"#6"},"south":{"uv":[8,0,16,8],"rotation":90,"texture":"#6"},"west":{"uv":[0,0,8,8],"rotation":270,"texture":"#6"},"up":{"uv":[16,8,8,0],"rotation":270,"texture":"#6"},"down":{"uv":[8,0,16,8],"rotation":90,"texture":"#6"}}},{"from":[6.51,6.1252,-8.5],"to":[7.75,9.1302,-8],"rotation":{"angle":-22.5,"axis":"z","origin":[7.75,6.125,-2.25]},"faces":{"north":{"uv":[8,0,16,8],"texture":"#6"},"east":{"uv":[8,0,16,8],"rotation":180,"texture":"#6"},"south":{"uv":[8,0,16,8],"texture":"#6"},"west":{"uv":[8,0,16,8],"rotation":180,"texture":"#6"},"up":{"uv":[8,8,0,0],"rotation":180,"texture":"#6"},"down":{"uv":[0,0,8,8],"rotation":180,"texture":"#6"}}},{"from":[6.51,6.1252,-6.5],"to":[7.75,9.1302,-6],"rotation":{"angle":-22.5,"axis":"z","origin":[7.75,6.125,-2.25]},"faces":{"north":{"uv":[8,0,16,8],"texture":"#6"},"east":{"uv":[8,0,16,8],"rotation":180,"texture":"#6"},"south":{"uv":[8,0,16,8],"texture":"#6"},"west":{"uv":[8,0,16,8],"rotation":180,"texture":"#6"},"up":{"uv":[8,8,0,0],"rotation":180,"texture":"#6"},"down":{"uv":[0,0,8,8],"rotation":180,"texture":"#6"}}},{"from":[7.75,6.125,-6.5],"to":[9,9.125,-6],"rotation":{"angle":22.5,"axis":"z","origin":[7.75,6.125,-2.25]},"faces":{"north":{"uv":[8,0,16,8],"texture":"#6"},"east":{"uv":[8,0,16,8],"texture":"#6"},"south":{"uv":[8,0,16,8],"texture":"#6"},"west":{"uv":[8,0,16,8],"texture":"#6"},"up":{"uv":[0,8,8,0],"rotation":180,"texture":"#6"},"down":{"uv":[0,0,8,8],"rotation":180,"texture":"#6"}}},{"from":[6.875,7,-6.5],"to":[9.875,8.25,-6],"rotation":{"angle":22.5,"axis":"z","origin":[7.75,6.125,-2.25]},"faces":{"north":{"uv":[8,0,16,8],"texture":"#6"},"east":{"uv":[0,8,8,0],"rotation":270,"texture":"#6"},"south":{"uv":[8,0,16,8],"texture":"#6"},"west":{"uv":[0,0,8,8],"rotation":270,"texture":"#6"},"up":{"uv":[8,0,16,8],"rotation":90,"texture":"#6"},"down":{"uv":[8,0,16,8],"rotation":90,"texture":"#6"}}},{"from":[6.8661,7.2511,-6.5],"to":[9.8711,8.4911,-6],"rotation":{"angle":-22.5,"axis":"z","origin":[7.75,9.375,-2.25]},"faces":{"north":{"uv":[8,0,16,8],"rotation":270,"texture":"#6"},"east":{"uv":[8,8,0,0],"rotation":270,"texture":"#6"},"south":{"uv":[8,0,16,8],"rotation":90,"texture":"#6"},"west":{"uv":[0,0,8,8],"rotation":270,"texture":"#6"},"up":{"uv":[16,8,8,0],"rotation":270,"texture":"#6"},"down":{"uv":[8,0,16,8],"rotation":90,"texture":"#6"}}},{"from":[6.8661,7.2511,-2.25],"to":[9.8711,8.4911,-1.25],"rotation":{"angle":-22.5,"axis":"z","origin":[7.75,9.375,-2.25]},"faces":{"north":{"uv":[8,0,16,8],"rotation":270,"texture":"#6"},"east":{"uv":[8,8,0,0],"rotation":270,"texture":"#6"},"south":{"uv":[8,0,16,8],"rotation":90,"texture":"#6"},"west":{"uv":[0,0,8,8],"rotation":270,"texture":"#6"},"up":{"uv":[16,8,8,0],"rotation":270,"texture":"#6"},"down":{"uv":[8,0,16,8],"rotation":90,"texture":"#6"}}},{"from":[6.875,7,-2.25],"to":[9.875,8.25,-1.25],"rotation":{"angle":22.5,"axis":"z","origin":[7.75,6.125,-2.25]},"faces":{"north":{"uv":[8,0,16,8],"texture":"#6"},"east":{"uv":[0,8,8,0],"rotation":270,"texture":"#6"},"south":{"uv":[8,0,16,8],"texture":"#6"},"west":{"uv":[0,0,8,8],"rotation":270,"texture":"#6"},"up":{"uv":[8,0,16,8],"rotation":90,"texture":"#6"},"down":{"uv":[8,0,16,8],"rotation":90,"texture":"#6"}}},{"from":[6.51,6.1252,-2.25],"to":[7.75,9.1302,-1.25],"rotation":{"angle":-22.5,"axis":"z","origin":[7.75,6.125,-2.25]},"faces":{"north":{"uv":[8,0,16,8],"texture":"#6"},"east":{"uv":[8,0,16,8],"rotation":180,"texture":"#6"},"south":{"uv":[8,0,16,8],"texture":"#6"},"west":{"uv":[8,0,16,8],"rotation":180,"texture":"#6"},"up":{"uv":[8,8,0,0],"rotation":180,"texture":"#6"},"down":{"uv":[0,0,8,8],"rotation":180,"texture":"#6"}}},{"from":[7,5.875,6.25],"to":[8.5,9.625,7.75],"faces":{"north":{"uv":[13.5,12.5,16,10],"rotation":180,"texture":"#c"},"east":{"uv":[13.5,12.5,16,10],"rotation":180,"texture":"#c"},"south":{"uv":[13.5,12.5,16,10],"rotation":180,"texture":"#c"},"west":{"uv":[13.5,12.5,16,10],"rotation":180,"texture":"#c"},"up":{"uv":[6,15,13.5,10],"rotation":180,"texture":"#c"},"down":{"uv":[6,15,13.5,10],"rotation":180,"texture":"#c"}}},{"from":[5.875,7,6.25],"to":[9.625,8.5,7.75],"faces":{"north":{"uv":[13.5,10,16,12.5],"rotation":270,"texture":"#c"},"east":{"uv":[6,10,13.5,15],"rotation":270,"texture":"#c"},"south":{"uv":[13.5,10,16,12.5],"rotation":270,"texture":"#c"},"west":{"uv":[6,10,13.5,15],"rotation":270,"texture":"#c"},"up":{"uv":[13.5,10,16,12.5],"rotation":270,"texture":"#c"},"down":{"uv":[13.5,10,16,12.5],"rotation":270,"texture":"#c"}}},{"from":[8.5,5.875,6.25],"to":[10.09,9.59,7.75],"rotation":{"angle":45,"axis":"z","origin":[8.5,5.875,6.25]},"faces":{"north":{"uv":[13.5,10,16,12.5],"rotation":270,"texture":"#c"},"east":{"uv":[13.5,10,16,12.5],"rotation":270,"texture":"#c"},"south":{"uv":[13.5,10,16,12.5],"rotation":270,"texture":"#c"},"west":{"uv":[13.5,10,16,12.5],"rotation":270,"texture":"#c"},"up":{"uv":[6,15,13.5,10],"rotation":180,"texture":"#c"},"down":{"uv":[6,15,13.5,10],"rotation":180,"texture":"#c"}}},{"from":[8.035,4.785,6.25],"to":[9.625,8.5,7.75],"rotation":{"angle":-45,"axis":"z","origin":[9.625,8.5,6.25]},"faces":{"north":{"uv":[13.5,12.5,16,10],"rotation":180,"texture":"#c"},"east":{"uv":[13.5,12.5,16,10],"rotation":180,"texture":"#c"},"south":{"uv":[13.5,12.5,16,10],"rotation":180,"texture":"#c"},"west":{"uv":[13.5,12.5,16,10],"rotation":180,"texture":"#c"},"up":{"uv":[6,15,13.5,10],"rotation":180,"texture":"#c"},"down":{"uv":[6,15,13.5,10],"rotation":180,"texture":"#c"}}},{"from":[4.875,9.875,4.75],"to":[10.625,10.5,5.875],"faces":{"north":{"uv":[0,5,16,3],"rotation":180,"texture":"#a"},"east":{"uv":[11,2,16,0],"rotation":180,"texture":"#a"},"south":{"uv":[0,5,16,3],"rotation":180,"texture":"#a"},"west":{"uv":[11,2,16,0],"rotation":180,"texture":"#a"},"up":{"uv":[0,6,16,3],"rotation":180,"texture":"#a"},"down":{"uv":[0,6,16,3],"rotation":180,"texture":"#a"}}},{"from":[8.01,5.37,7.75],"to":[9.25,8.375,12.25],"rotation":{"angle":-45,"axis":"z","origin":[9.25,8.375,7.75]},"faces":{"north":{"uv":[13.5,11,16,13.5],"texture":"#a"},"east":{"uv":[13.5,11,16,13.5],"texture":"#a"},"south":{"uv":[13.5,11,16,13.5],"texture":"#a"},"west":{"uv":[13.5,11,16,13.5],"texture":"#a"},"up":{"uv":[0,7.5,16,4],"rotation":270,"texture":"#a"},"down":{"uv":[0,7.5,16,4],"rotation":270,"texture":"#a"}}},{"from":[7.125,6.25,7.75],"to":[8.375,9.25,12.25],"faces":{"north":{"uv":[13.5,11,16,13.5],"texture":"#a"},"east":{"uv":[13.5,11,16,13.5],"texture":"#a"},"south":{"uv":[13.5,11,16,13.5],"texture":"#a"},"west":{"uv":[13.5,11,16,13.5],"texture":"#a"},"up":{"uv":[0,11,16,7.5],"rotation":270,"texture":"#a"},"down":{"uv":[0,11,16,7.5],"rotation":270,"texture":"#a"}}},{"from":[8.375,6.25,7.75],"to":[9.615,9.255,12.25],"rotation":{"angle":45,"axis":"z","origin":[8.375,6.25,7.75]},"faces":{"north":{"uv":[13.5,11,16,13.5],"texture":"#a"},"east":{"uv":[13.5,11,16,13.5],"texture":"#a"},"south":{"uv":[13.5,11,16,13.5],"texture":"#a"},"west":{"uv":[13.5,11,16,13.5],"texture":"#a"},"up":{"uv":[0,5.5,16,2],"rotation":270,"texture":"#a"},"down":{"uv":[0,5.5,16,2],"rotation":270,"texture":"#a"}}},{"from":[6.25,7.125,7.75],"to":[9.25,8.375,12.25],"faces":{"north":{"uv":[13.5,11,16,13.5],"texture":"#a"},"east":{"uv":[0,7.5,16,4],"rotation":180,"texture":"#a"},"south":{"uv":[13.5,11,16,13.5],"texture":"#a"},"west":{"uv":[0,7.5,16,4],"rotation":180,"texture":"#a"},"up":{"uv":[13.5,11,16,13.5],"rotation":90,"texture":"#a"},"down":{"uv":[13.5,11,16,13.5],"rotation":90,"texture":"#a"}}},{"from":[4.75,6.875,4.875],"to":[5.125,10.25,5.75],"faces":{"north":{"uv":[0,0,1,9],"texture":"#a"},"east":{"uv":[0,0,3,9],"texture":"#a"},"south":{"uv":[0,0,1,9],"texture":"#a"},"west":{"uv":[0,0,3,9],"texture":"#a"},"up":{"uv":[0,0,1,3],"texture":"#a"},"down":{"uv":[0,0,1,3],"texture":"#a"}}},{"from":[10.375,6.875,4.875],"to":[10.75,10.25,5.75],"faces":{"north":{"uv":[0,0,1,9],"texture":"#a"},"east":{"uv":[3,0,0,9],"texture":"#a"},"south":{"uv":[0,0,1,9],"texture":"#a"},"west":{"uv":[0,0,3,9],"texture":"#a"},"up":{"uv":[0,0,1,3],"texture":"#a"},"down":{"uv":[0,0,1,3],"texture":"#a"}}},{"from":[6.625,5,4.875],"to":[8.875,5.375,5.75],"faces":{"north":{"uv":[6.5,7.5,11.5,8.5],"texture":"#a"},"east":{"uv":[13.5,11,16,13.5],"texture":"#a"},"south":{"uv":[6.5,7.5,11.5,8.5],"texture":"#a"},"west":{"uv":[13.5,11,16,13.5],"texture":"#a"},"up":{"uv":[0,0,7,2.5],"texture":"#a"},"down":{"uv":[5,0,12,2.5],"texture":"#a"}}},{"from":[4.75,6.875,4.875],"to":[7.4,7.25,5.75],"rotation":{"angle":-45,"axis":"z","origin":[4.75,6.875,4.875]},"faces":{"north":{"uv":[5.5,11,12.5,10],"rotation":180,"texture":"#a"},"east":{"uv":[13.5,11,16,13.5],"texture":"#a"},"south":{"uv":[5.5,11,12.5,10],"rotation":180,"texture":"#a"},"west":{"uv":[13.5,11,16,13.5],"texture":"#a"},"up":{"uv":[0,11,9.5,8],"rotation":180,"texture":"#a"},"down":{"uv":[0,11,9.5,8],"rotation":180,"texture":"#a"}}},{"from":[8.875,5,4.875],"to":[11.525,5.375,5.75],"rotation":{"angle":45,"axis":"z","origin":[8.875,5,4.875]},"faces":{"north":{"uv":[5.5,11,12.5,10],"rotation":180,"texture":"#a"},"east":{"uv":[13.5,11,16,13.5],"texture":"#a"},"south":{"uv":[5.5,11,12.5,10],"rotation":180,"texture":"#a"},"west":{"uv":[13.5,11,16,13.5],"texture":"#a"},"up":{"uv":[0,11,9.5,8],"rotation":180,"texture":"#a"},"down":{"uv":[0,11,9.5,8],"rotation":180,"texture":"#a"}}},{"from":[5.5,10.5,5],"to":[6,11.125,5.625],"faces":{"north":{"uv":[13,11,16,14],"rotation":90,"texture":"#b"},"east":{"uv":[10,5,13,7.5],"rotation":90,"texture":"#b"},"south":{"uv":[13,11,16,14],"rotation":90,"texture":"#b"},"west":{"uv":[10,5,13,7.5],"rotation":90,"texture":"#b"},"up":{"uv":[13,11,16,14],"rotation":90,"texture":"#b"},"down":{"uv":[13,11,16,14],"rotation":90,"texture":"#b"}}},{"from":[9.5,10.5,5],"to":[10,11.125,5.625],"faces":{"north":{"uv":[13,11,16,14],"rotation":90,"texture":"#b"},"east":{"uv":[10,5,13,7.5],"rotation":90,"texture":"#b"},"south":{"uv":[13,11,16,14],"rotation":90,"texture":"#b"},"west":{"uv":[10,5,13,7.5],"rotation":90,"texture":"#b"},"up":{"uv":[13,11,16,14],"rotation":90,"texture":"#b"},"down":{"uv":[13,11,16,14],"rotation":90,"texture":"#b"}}},{"from":[5.5,11.125,5],"to":[6,11.831,5.625],"rotation":{"angle":-45,"axis":"z","origin":[5.5,11.125,5]},"faces":{"north":{"uv":[13,11,16,14],"texture":"#b"},"east":{"uv":[2,5,5,7.5],"rotation":270,"texture":"#b"},"south":{"uv":[13,11,16,14],"texture":"#b"},"west":{"uv":[2,5,5,7.5],"rotation":90,"texture":"#b"},"up":{"uv":[13,11,16,14],"texture":"#b"},"down":{"uv":[13,11,16,14],"texture":"#b"}}},{"from":[6,11.125,5],"to":[9.5,11.625,5.625],"faces":{"north":{"uv":[13,11,16,14],"texture":"#b"},"east":{"uv":[13,11,16,14],"texture":"#b"},"south":{"uv":[13,11,16,14],"texture":"#b"},"west":{"uv":[13,11,16,14],"texture":"#b"},"up":{"uv":[0,7.5,13,5],"rotation":180,"texture":"#b"},"down":{"uv":[0,7.5,13,5],"rotation":180,"texture":"#b"}}},{"from":[9.5,11.125,5],"to":[10.206,11.625,5.625],"rotation":{"angle":-45,"axis":"z","origin":[9.5,11.625,5]},"faces":{"north":{"uv":[13,11,16,14],"rotation":180,"texture":"#b"},"east":{"uv":[13,11,16,14],"rotation":180,"texture":"#b"},"south":{"uv":[13,11,16,14],"rotation":180,"texture":"#b"},"west":{"uv":[13,11,16,14],"rotation":180,"texture":"#b"},"up":{"uv":[2,5,5,7.5],"rotation":180,"texture":"#b"},"down":{"uv":[2,5,5,7.5],"rotation":180,"texture":"#b"}}},{"from":[7.25,6.5,12.25],"to":[8.25,9,12.5],"faces":{"north":{"uv":[13,11,16,14],"texture":"#b"},"east":{"uv":[13,11,16,14],"texture":"#b"},"south":{"uv":[13,11,16,14],"texture":"#b"},"west":{"uv":[13,11,16,14],"texture":"#b"},"up":{"uv":[1.5,6.5,5.5,7.5],"texture":"#b"},"down":{"uv":[1.5,7.5,5.5,6.5],"texture":"#b"}}},{"from":[6.5,7.25,12.25],"to":[9,8.25,12.5],"faces":{"north":{"uv":[16,14,13,11],"texture":"#b"},"east":{"uv":[1.5,6.5,5.5,7.5],"rotation":90,"texture":"#b"},"south":{"uv":[16,14,13,11],"texture":"#b"},"west":{"uv":[1.5,7.5,5.5,6.5],"rotation":90,"texture":"#b"},"up":{"uv":[16,14,13,11],"texture":"#b"},"down":{"uv":[16,14,13,11],"texture":"#b"}}},{"from":[8.25,6.5,12.25],"to":[9.31,8.975,12.5],"rotation":{"angle":45,"axis":"z","origin":[8.25,6.5,12.25]},"faces":{"north":{"uv":[13,11,16,14],"texture":"#b"},"east":{"uv":[13,11,16,14],"texture":"#b"},"south":{"uv":[13,11,16,14],"texture":"#b"},"west":{"uv":[13,11,16,14],"texture":"#b"},"up":{"uv":[1.5,6.5,5.5,7.5],"texture":"#b"},"down":{"uv":[1.5,7.5,5.5,6.5],"texture":"#b"}}},{"from":[7.94,5.775,12.25],"to":[9,8.25,12.5],"rotation":{"angle":-45,"axis":"z","origin":[9,8.25,12.25]},"faces":{"north":{"uv":[16,14,13,11],"texture":"#b"},"east":{"uv":[16,14,13,11],"texture":"#b"},"south":{"uv":[16,14,13,11],"texture":"#b"},"west":{"uv":[16,14,13,11],"texture":"#b"},"up":{"uv":[1.5,6.5,5.5,7.5],"texture":"#b"},"down":{"uv":[1.5,7.5,5.5,6.5],"texture":"#b"}}},{"from":[7.375,8.5,12.875],"to":[8.125,10,13.25],"faces":{"north":{"uv":[13,0,16,3],"rotation":180,"texture":"#b"},"east":{"uv":[13,0,16,3],"rotation":180,"texture":"#b"},"south":{"uv":[13,0,16,3],"rotation":180,"texture":"#b"},"west":{"uv":[13,0,16,3],"rotation":180,"texture":"#b"},"up":{"uv":[13,0,16,3],"rotation":180,"texture":"#b"},"down":{"uv":[13,0,16,3],"rotation":180,"texture":"#b"}}},{"from":[7.375,10,9.75],"to":[8.125,10.375,13.25],"faces":{"north":{"uv":[13,0,16,3],"rotation":180,"texture":"#b"},"east":{"uv":[13,0,16,3],"rotation":180,"texture":"#b"},"south":{"uv":[13,0,16,3],"rotation":180,"texture":"#b"},"west":{"uv":[13,0,16,3],"rotation":180,"texture":"#b"},"up":{"uv":[13,0,16,3],"rotation":180,"texture":"#b"},"down":{"uv":[13,0,16,3],"rotation":180,"texture":"#b"}}},{"from":[9.375,10,5.875],"to":[10,10.375,10.875],"rotation":{"angle":-22.5,"axis":"y","origin":[10,10,5.875]},"faces":{"north":{"uv":[13,0,16,3],"rotation":180,"texture":"#b"},"east":{"uv":[13,0,16,3],"rotation":180,"texture":"#b"},"south":{"uv":[13,0,16,3],"rotation":180,"texture":"#b"},"west":{"uv":[13,0,16,3],"rotation":180,"texture":"#b"},"up":{"uv":[13,0,16,3],"rotation":180,"texture":"#b"},"down":{"uv":[13,0,16,3],"rotation":180,"texture":"#b"}}},{"from":[5.5,10,5.875],"to":[6.125,10.375,10.875],"rotation":{"angle":22.5,"axis":"y","origin":[5.5,10,5.875]},"faces":{"north":{"uv":[13,0,16,3],"rotation":180,"texture":"#b"},"east":{"uv":[13,0,16,3],"rotation":180,"texture":"#b"},"south":{"uv":[13,0,16,3],"rotation":180,"texture":"#b"},"west":{"uv":[13,0,16,3],"rotation":180,"texture":"#b"},"up":{"uv":[13,0,16,3],"rotation":180,"texture":"#b"},"down":{"uv":[13,0,16,3],"rotation":180,"texture":"#b"}}},{"from":[7.375,8.5,13.25],"to":[8.125,8.875,13.75],"faces":{"north":{"uv":[13,0,16,3],"rotation":180,"texture":"#b"},"east":{"uv":[13,0,16,3],"rotation":180,"texture":"#b"},"south":{"uv":[13,0,16,3],"rotation":180,"texture":"#b"},"west":{"uv":[13,0,16,3],"rotation":180,"texture":"#b"},"up":{"uv":[13,0,16,3],"rotation":180,"texture":"#b"},"down":{"uv":[13,0,16,3],"rotation":180,"texture":"#b"}}},{"from":[7.25,8.375,13.75],"to":[8.25,9,16.25],"faces":{"north":{"uv":[16,2.5,14.5,0],"rotation":90,"texture":"#a"},"east":{"uv":[16,11,14,3.5],"rotation":90,"texture":"#a"},"south":{"uv":[16,2.5,14.5,0],"rotation":90,"texture":"#a"},"west":{"uv":[16,11,14,3.5],"rotation":90,"texture":"#a"},"up":{"uv":[16,11,8,7.5],"rotation":270,"texture":"#a"},"down":{"uv":[16,11,8,7.5],"rotation":270,"texture":"#a"}}},{"from":[7.5,7.5,12.5],"to":[8,8,16],"faces":{"north":{"uv":[13,0,16,3],"texture":"#b"},"east":{"uv":[0,5,13,7.5],"texture":"#b"},"south":{"uv":[14,14,16,16],"texture":"#b"},"west":{"uv":[0,5,13,7.5],"texture":"#b"},"up":{"uv":[13,7.5,0,5],"rotation":270,"texture":"#b"},"down":{"uv":[0,7.5,13,5],"rotation":270,"texture":"#b"}}},{"from":[9.125,8.375,4.75],"to":[10.625,9.875,6.5],"faces":{"north":{"uv":[0,0,5,5],"texture":"#b"},"east":{"uv":[4.5,0,11,5],"rotation":180,"texture":"#b"},"south":{"uv":[0,0,5,5],"texture":"#b"},"west":{"uv":[4.5,0,11,5],"rotation":180,"texture":"#b"},"up":{"uv":[4.5,0,11,5],"rotation":180,"texture":"#b"},"down":{"uv":[4.5,0,11,5],"rotation":180,"texture":"#b"}}},{"from":[5.8,7.73,8.5],"to":[6.5,9.5,9],"rotation":{"angle":-45,"axis":"z","origin":[6.5,9.5,8.5]},"faces":{"north":{"uv":[13,0,16,3],"rotation":180,"texture":"#b"},"east":{"uv":[13,0,16,3],"rotation":180,"texture":"#b"},"south":{"uv":[13,0,16,3],"rotation":180,"texture":"#b"},"west":{"uv":[13,0,16,3],"rotation":180,"texture":"#b"},"up":{"uv":[10.5,0,13,5],"rotation":90,"texture":"#b"},"down":{"uv":[10.5,0,13,5],"rotation":90,"texture":"#b"}}},{"from":[5.375,8.5,6.5],"to":[5.875,9.75,8.5],"faces":{"north":{"uv":[13,0,16,3],"texture":"#b"},"east":{"uv":[13,0,16,3],"texture":"#b"},"south":{"uv":[13,0,16,3],"texture":"#b"},"west":{"uv":[13,0,16,3],"texture":"#b"},"up":{"uv":[13,3,16,10.5],"texture":"#b"},"down":{"uv":[13,3,16,10.5],"texture":"#b"}}},{"from":[5,8.875,6.5],"to":[6.25,9.375,8.5],"faces":{"north":{"uv":[8,0,16,8],"texture":"#b"},"east":{"uv":[13,3,16,10.5],"rotation":90,"texture":"#b"},"south":{"uv":[8,0,16,8],"texture":"#b"},"west":{"uv":[13,3,16,10.5],"rotation":90,"texture":"#b"},"up":{"uv":[8,0,16,8],"rotation":90,"texture":"#b"},"down":{"uv":[8,0,16,8],"rotation":90,"texture":"#b"}}},{"from":[5.875,8.5,6.5],"to":[6.405,9.74,8.5],"rotation":{"angle":45,"axis":"z","origin":[5.875,8.5,6.5]},"faces":{"north":{"uv":[13,0,16,3],"rotation":270,"texture":"#b"},"east":{"uv":[13,0,16,3],"rotation":270,"texture":"#b"},"south":{"uv":[13,0,16,3],"rotation":270,"texture":"#b"},"west":{"uv":[13,0,16,3],"rotation":270,"texture":"#b"},"up":{"uv":[13,3,16,10.5],"rotation":180,"texture":"#b"},"down":{"uv":[13,3,16,10.5],"rotation":180,"texture":"#b"}}},{"from":[5.72,8.135,6.5],"to":[6.25,9.375,8.5],"rotation":{"angle":-45,"axis":"z","origin":[6.25,9.375,6.5]},"faces":{"north":{"uv":[13,0,16,3],"texture":"#b"},"east":{"uv":[13,0,16,3],"texture":"#b"},"south":{"uv":[13,0,16,3],"texture":"#b"},"west":{"uv":[13,0,16,3],"texture":"#b"},"up":{"uv":[13,3,16,10.5],"texture":"#b"},"down":{"uv":[13,3,16,10.5],"texture":"#b"}}},{"from":[4.875,8.375,4.75],"to":[6.375,9.875,6.5],"faces":{"north":{"uv":[0,0,5,5],"rotation":180,"texture":"#b"},"east":{"uv":[4.5,0,11,5],"rotation":180,"texture":"#b"},"south":{"uv":[0,0,5,5],"rotation":180,"texture":"#b"},"west":{"uv":[4.5,0,11,5],"rotation":180,"texture":"#b"},"up":{"uv":[4.5,0,11,5],"rotation":180,"texture":"#b"},"down":{"uv":[4.5,0,11,5],"rotation":180,"texture":"#b"}}},{"from":[5.25,8.25,8.5],"to":[6,10,9],"faces":{"north":{"uv":[13,0,16,3],"rotation":90,"texture":"#b"},"east":{"uv":[13,0,16,3],"rotation":90,"texture":"#b"},"south":{"uv":[13,0,16,3],"rotation":90,"texture":"#b"},"west":{"uv":[13,0,16,3],"rotation":90,"texture":"#b"},"up":{"uv":[10.5,0,13,5],"rotation":90,"texture":"#b"},"down":{"uv":[10.5,0,13,5],"rotation":90,"texture":"#b"}}},{"from":[4.75,8.75,8.5],"to":[6.5,9.5,9],"faces":{"north":{"uv":[13,0,16,3],"rotation":180,"texture":"#b"},"east":{"uv":[10.5,0,13,5],"rotation":180,"texture":"#b"},"south":{"uv":[13,0,16,3],"rotation":180,"texture":"#b"},"west":{"uv":[10.5,0,13,5],"rotation":180,"texture":"#b"},"up":{"uv":[13,0,16,3],"rotation":180,"texture":"#b"},"down":{"uv":[13,0,16,3],"rotation":180,"texture":"#b"}}},{"from":[6,8.25,8.5],"to":[6.7,10.02,9],"rotation":{"angle":45,"axis":"z","origin":[6,8.25,8.5]},"faces":{"north":{"uv":[13,0,16,3],"rotation":90,"texture":"#b"},"east":{"uv":[13,0,16,3],"rotation":90,"texture":"#b"},"south":{"uv":[13,0,16,3],"rotation":90,"texture":"#b"},"west":{"uv":[13,0,16,3],"rotation":90,"texture":"#b"},"up":{"uv":[10.5,0,13,5],"rotation":90,"texture":"#b"},"down":{"uv":[10.5,0,13,5],"rotation":90,"texture":"#b"}}},{"from":[7.375,9,15.25],"to":[8.125,10.5,16.125],"faces":{"north":{"uv":[7.5,12.5,0,10.5],"rotation":90,"texture":"#b"},"east":{"uv":[0,13.5,7.5,10.5],"rotation":270,"texture":"#b"},"south":{"uv":[6,10.5,9,13.5],"rotation":180,"texture":"#b"},"west":{"uv":[0,10.5,7.5,13.5],"rotation":270,"texture":"#b"},"up":{"uv":[6,10.5,9,13.5],"rotation":180,"texture":"#b"},"down":{"uv":[6,10.5,9,13.5],"rotation":180,"texture":"#b"}}},{"from":[7.375,10.5,15.25],"to":[8.125,11.75,16.125],"rotation":{"angle":-22.5,"axis":"x","origin":[7.375,10.5,16.125]},"faces":{"north":{"uv":[6,10.5,9,13.5],"rotation":180,"texture":"#b"},"east":{"uv":[7.5,10.5,12,13.5],"rotation":270,"texture":"#b"},"south":{"uv":[6,10.5,9,13.5],"rotation":180,"texture":"#b"},"west":{"uv":[7.5,10.5,12,13.5],"rotation":270,"texture":"#b"},"up":{"uv":[6,10.5,9,13.5],"rotation":180,"texture":"#b"},"down":{"uv":[6,10.5,9,13.5],"rotation":180,"texture":"#b"}}},{"from":[7.25,11.625,14.5],"to":[8.25,12.25,15.875],"rotation":{"angle":-22.5,"axis":"x","origin":[7.25,11.625,15.875]},"faces":{"north":{"uv":[8.5,2.5,11,5],"rotation":90,"texture":"#a"},"east":{"uv":[10.5,4,12.5,8],"rotation":90,"texture":"#a"},"south":{"uv":[7.5,2.5,10,5],"rotation":90,"texture":"#a"},"west":{"uv":[10.5,4,12.5,8],"rotation":90,"texture":"#a"},"up":{"uv":[7,4,10,8.5],"texture":"#a"},"down":{"uv":[7,4,10,8.5],"texture":"#a"}}},{"from":[5.5,5.25,6.875],"to":[6.38,7.375,12.375],"rotation":{"angle":45,"axis":"z","origin":[5.5,5.25,6.875]},"faces":{"north":{"uv":[13.5,10,16,12.5],"texture":"#c"},"east":{"uv":[13.5,10,16,12.5],"texture":"#c"},"south":{"uv":[13.5,10,16,12.5],"texture":"#c"},"west":{"uv":[13.5,10,16,12.5],"texture":"#c"},"up":{"uv":[0,6,16,4],"rotation":90,"texture":"#c"},"down":{"uv":[0,6,16,4],"rotation":90,"texture":"#c"}}},{"from":[4.625,5.25,6.875],"to":[5.5,7.375,12.375],"faces":{"north":{"uv":[13.5,10,16,12.5],"texture":"#c"},"east":{"uv":[13.5,10,16,12.5],"texture":"#c"},"south":{"uv":[13.5,10,16,12.5],"texture":"#c"},"west":{"uv":[13.5,10,16,12.5],"texture":"#c"},"up":{"uv":[0,2,16,4],"rotation":270,"texture":"#c"},"down":{"uv":[0,2,16,4],"rotation":270,"texture":"#c"}}},{"from":[4,5.875,6.875],"to":[6.125,6.75,12.375],"faces":{"north":{"uv":[13.5,10,16,12.5],"texture":"#c"},"east":{"uv":[0,2,16,4],"texture":"#c"},"south":{"uv":[13.5,10,16,12.5],"texture":"#c"},"west":{"uv":[0,2,16,4],"texture":"#c"},"up":{"uv":[13.5,10,16,12.5],"texture":"#c"},"down":{"uv":[13.5,10,16,12.5],"texture":"#c"}}},{"from":[5.245,4.625,6.875],"to":[6.125,6.75,12.375],"rotation":{"angle":-45,"axis":"z","origin":[6.125,6.75,6.875]},"faces":{"north":{"uv":[13.5,10,16,12.5],"texture":"#c"},"east":{"uv":[13.5,10,16,12.5],"texture":"#c"},"south":{"uv":[13.5,10,16,12.5],"texture":"#c"},"west":{"uv":[13.5,10,16,12.5],"texture":"#c"},"up":{"uv":[0,3.5,16,6],"rotation":90,"texture":"#c"},"down":{"uv":[0,3.5,16,6],"rotation":90,"texture":"#c"}}},{"from":[4.5,6.375,6.5],"to":[5.375,8.375,6.875],"rotation":{"angle":-45,"axis":"z","origin":[4.5,6.375,6.5]},"faces":{"north":{"uv":[6.5,10.5,13.5,7.5],"rotation":90,"texture":"#b"},"east":{"uv":[3.5,10,9.5,8],"rotation":90,"texture":"#b"},"south":{"uv":[13,3,16,0],"rotation":90,"texture":"#b"},"west":{"uv":[3.5,10,9.5,8],"rotation":90,"texture":"#b"},"up":{"uv":[13,0,16,3],"rotation":90,"texture":"#b"},"down":{"uv":[3.5,10,6.5,8],"texture":"#b"}}},{"from":[9,5.5,6.5],"to":[11,6.375,6.875],"rotation":{"angle":-45,"axis":"z","origin":[11,6.375,6.5]},"faces":{"north":{"uv":[6.5,10.5,13.5,7.5],"rotation":180,"texture":"#b"},"east":{"uv":[3.5,10,6.5,8],"rotation":90,"texture":"#b"},"south":{"uv":[13,3,16,0],"rotation":90,"texture":"#b"},"west":{"uv":[13,3,16,0],"rotation":90,"texture":"#b"},"up":{"uv":[3.5,10,9.5,8],"texture":"#b"},"down":{"uv":[3.5,10,9.5,8],"texture":"#b"}}},{"from":[4.5,6.375,10.5],"to":[5.375,9,11.25],"rotation":{"angle":-45,"axis":"z","origin":[4.5,6.375,10.5]},"faces":{"north":{"uv":[0,10.5,11.5,7.5],"rotation":90,"texture":"#b"},"east":{"uv":[0,10.5,11.5,7.5],"rotation":90,"texture":"#b"},"south":{"uv":[0,10.5,11.5,7.5],"rotation":90,"texture":"#b"},"west":{"uv":[0,10.5,11.5,7.5],"rotation":90,"texture":"#b"},"up":{"uv":[13,3,16,0],"rotation":90,"texture":"#b"},"down":{"uv":[13,3,16,0],"rotation":90,"texture":"#b"}}},{"from":[10.125,6.375,10.5],"to":[11,9,11.25],"rotation":{"angle":45,"axis":"z","origin":[11,6.375,10.5]},"faces":{"north":{"uv":[0,10.5,11.5,7.5],"rotation":90,"texture":"#b"},"east":{"uv":[0,10.5,11.5,7.5],"rotation":90,"texture":"#b"},"south":{"uv":[0,10.5,11.5,7.5],"rotation":90,"texture":"#b"},"west":{"uv":[0,10.5,11.5,7.5],"rotation":90,"texture":"#b"},"up":{"uv":[13,3,16,0],"rotation":90,"texture":"#b"},"down":{"uv":[13,3,16,0],"rotation":90,"texture":"#b"}}},{"from":[11.5,6.25,8.5],"to":[11.75,6.251,10.5],"faces":{"up":{"uv":[0.5,11,1.5,16],"texture":"#d"},"down":{"uv":[0.5,16,1.5,11],"texture":"#d"}}},{"from":[11.75,6.25,8.5],"to":[12.46,6.251,10.5],"rotation":{"angle":-45,"axis":"z","origin":[11.75,6.25,8.5]},"faces":{"up":{"uv":[0,11,2.5,16],"texture":"#d"},"down":{"uv":[0,16,2.5,11],"texture":"#d"}}},{"from":[12.25,4.125,8.5],"to":[12.251,5.75,10.5],"rotation":{"angle":22.5,"axis":"z","origin":[12.25,5.75,8.5]},"faces":{"east":{"uv":[0.5,11,6,16],"rotation":90,"texture":"#d"},"west":{"uv":[0.5,16,6,11],"rotation":90,"texture":"#d"}}},{"from":[12.875,3.25,8.5],"to":[12.876,4.25,10.5],"faces":{"east":{"uv":[0,11,3.5,16],"rotation":90,"texture":"#d"},"west":{"uv":[0,16,3.5,11],"rotation":90,"texture":"#d"}}},{"from":[11.625,3.25,8.5],"to":[12.875,3.251,10.5],"rotation":{"angle":45,"axis":"z","origin":[12.875,3.25,8.5]},"faces":{"up":{"uv":[0.5,11,5,16],"texture":"#d"},"down":{"uv":[0.5,16,5,11],"texture":"#d"}}},{"from":[10.625,2.375,8.5],"to":[12,2.376,10.5],"rotation":{"angle":-22.5,"axis":"z","origin":[12,2.375,8.5]},"faces":{"up":{"uv":[0,11,4.5,16],"texture":"#d"},"down":{"uv":[0,16,4.5,11],"texture":"#d"}}},{"from":[9.5,2.875,8.5],"to":[10.75,2.876,10.5],"rotation":{"angle":-45,"axis":"z","origin":[10.75,2.875,8.5]},"faces":{"up":{"uv":[0.5,11,4,16],"texture":"#d"},"down":{"uv":[0.5,16,4,11],"texture":"#d"}}},{"from":[8.25,3.75,8.5],"to":[9.875,3.751,10.5],"rotation":{"angle":-22.5,"axis":"z","origin":[9.875,3.75,8.5]},"faces":{"up":{"uv":[0,11,4.5,16],"texture":"#d"},"down":{"uv":[0,16,4.5,11],"texture":"#d"}}},{"from":[7,4.375,8.5],"to":[8.375,4.376,10.5],"faces":{"up":{"uv":[0.5,11,5,16],"texture":"#d"},"down":{"uv":[0.5,16,5,11],"texture":"#d"}}},{"from":[5.375,4.375,8.5],"to":[7,4.376,10.5],"rotation":{"angle":22.5,"axis":"z","origin":[7,4.375,8.5]},"faces":{"up":{"uv":[0.5,11,5.5,16],"texture":"#d"},"down":{"uv":[0.5,16,5.5,11],"texture":"#d"}}},{"from":[5.5,2.75,8.5],"to":[5.501,3.75,10.5],"rotation":{"angle":-22.5,"axis":"z","origin":[5.5,3.75,8.5]},"faces":{"east":{"uv":[0,16,3.5,11],"rotation":270,"texture":"#d"},"west":{"uv":[0,11,3.5,16],"rotation":270,"texture":"#d"}}},{"from":[9.625,8.5,6.5],"to":[10.125,9.75,8.5],"faces":{"north":{"uv":[13,0,16,3],"texture":"#b"},"east":{"uv":[13,0,16,3],"texture":"#b"},"south":{"uv":[13,0,16,3],"texture":"#b"},"west":{"uv":[13,0,16,3],"texture":"#b"},"up":{"uv":[13,3,16,10.5],"texture":"#b"},"down":{"uv":[13,3,16,10.5],"texture":"#b"}}},{"from":[10.125,8.5,6.5],"to":[10.655,9.74,8.5],"rotation":{"angle":45,"axis":"z","origin":[10.125,8.5,6.5]},"faces":{"north":{"uv":[13,0,16,3],"rotation":270,"texture":"#b"},"east":{"uv":[13,0,16,3],"rotation":270,"texture":"#b"},"south":{"uv":[13,0,16,3],"rotation":270,"texture":"#b"},"west":{"uv":[13,0,16,3],"rotation":270,"texture":"#b"},"up":{"uv":[13,3,16,10.5],"rotation":180,"texture":"#b"},"down":{"uv":[13,3,16,10.5],"rotation":180,"texture":"#b"}}},{"from":[9.25,8.875,6.5],"to":[10.5,9.375,8.5],"faces":{"north":{"uv":[8,0,16,8],"texture":"#b"},"east":{"uv":[13,3,16,10.5],"rotation":90,"texture":"#b"},"south":{"uv":[8,0,16,8],"texture":"#b"},"west":{"uv":[13,3,16,10.5],"rotation":90,"texture":"#b"},"up":{"uv":[8,0,16,8],"rotation":90,"texture":"#b"},"down":{"uv":[8,0,16,8],"rotation":90,"texture":"#b"}}},{"from":[9.97,8.135,6.5],"to":[10.5,9.375,8.5],"rotation":{"angle":-45,"axis":"z","origin":[10.5,9.375,6.5]},"faces":{"north":{"uv":[13,0,16,3],"texture":"#b"},"east":{"uv":[13,0,16,3],"texture":"#b"},"south":{"uv":[13,0,16,3],"texture":"#b"},"west":{"uv":[13,0,16,3],"texture":"#b"},"up":{"uv":[13,3,16,10.5],"texture":"#b"},"down":{"uv":[13,3,16,10.5],"texture":"#b"}}},{"from":[9.5,8.25,8.5],"to":[10.25,10,9],"faces":{"north":{"uv":[13,0,16,3],"rotation":90,"texture":"#b"},"east":{"uv":[13,0,16,3],"rotation":90,"texture":"#b"},"south":{"uv":[13,0,16,3],"rotation":90,"texture":"#b"},"west":{"uv":[13,0,16,3],"rotation":90,"texture":"#b"},"up":{"uv":[10.5,0,13,5],"rotation":90,"texture":"#b"},"down":{"uv":[10.5,0,13,5],"rotation":90,"texture":"#b"}}},{"from":[10.25,8.25,8.5],"to":[10.95,10.02,9],"rotation":{"angle":45,"axis":"z","origin":[10.25,8.25,8.5]},"faces":{"north":{"uv":[13,0,16,3],"rotation":90,"texture":"#b"},"east":{"uv":[13,0,16,3],"rotation":90,"texture":"#b"},"south":{"uv":[13,0,16,3],"rotation":90,"texture":"#b"},"west":{"uv":[13,0,16,3],"rotation":90,"texture":"#b"},"up":{"uv":[10.5,0,13,5],"rotation":90,"texture":"#b"},"down":{"uv":[10.5,0,13,5],"rotation":90,"texture":"#b"}}},{"from":[9,8.75,8.5],"to":[10.75,9.5,9],"faces":{"north":{"uv":[13,0,16,3],"rotation":180,"texture":"#b"},"east":{"uv":[10.5,0,13,5],"rotation":180,"texture":"#b"},"south":{"uv":[13,0,16,3],"rotation":180,"texture":"#b"},"west":{"uv":[10.5,0,13,5],"rotation":180,"texture":"#b"},"up":{"uv":[13,0,16,3],"rotation":180,"texture":"#b"},"down":{"uv":[13,0,16,3],"rotation":180,"texture":"#b"}}},{"from":[10.05,7.73,8.5],"to":[10.75,9.5,9],"rotation":{"angle":-45,"axis":"z","origin":[10.75,9.5,8.5]},"faces":{"north":{"uv":[13,0,16,3],"rotation":180,"texture":"#b"},"east":{"uv":[13,0,16,3],"rotation":180,"texture":"#b"},"south":{"uv":[13,0,16,3],"rotation":180,"texture":"#b"},"west":{"uv":[13,0,16,3],"rotation":180,"texture":"#b"},"up":{"uv":[10.5,0,13,5],"rotation":90,"texture":"#b"},"down":{"uv":[10.5,0,13,5],"rotation":90,"texture":"#b"}}},{"from":[7.25,7.125,14.875],"to":[8.25,8.375,15.25],"faces":{"north":{"uv":[1.5,3,4,6.5],"texture":"#a"},"east":{"uv":[1,0,2.5,3.5],"texture":"#a"},"south":{"uv":[0,3,2.5,6.5],"texture":"#a"},"west":{"uv":[0,0,1.5,3.5],"texture":"#a"},"up":{"uv":[13.5,11,16,13.5],"rotation":180,"texture":"#a"},"down":{"uv":[0,9,4,11],"rotation":180,"texture":"#a"}}},{"from":[4.625,10,5.125],"to":[10.875,10.375,5.5],"faces":{"north":{"uv":[13,11,16,14],"texture":"#b"},"east":{"uv":[14,14,16,16],"texture":"#b"},"south":{"uv":[13,11,16,14],"texture":"#b"},"west":{"uv":[14,14,16,16],"texture":"#b"},"up":{"uv":[13,11,16,14],"texture":"#b"},"down":{"uv":[13,11,16,14],"texture":"#b"}}},{"from":[4.5,5.75,12.375],"to":[5.625,6.875,12.625],"faces":{"north":{"uv":[0,10.5,5.5,16],"texture":"#c"},"east":{"uv":[5.5,10,0,11],"rotation":90,"texture":"#c"},"south":{"uv":[0,10.5,5.5,16],"texture":"#c"},"west":{"uv":[0,11,5.5,10],"rotation":90,"texture":"#c"},"up":{"uv":[0,10,5.5,11],"texture":"#c"},"down":{"uv":[5.5,11,0,10],"texture":"#c"}}},{"from":[10,5.25,6.875],"to":[10.875,7.375,12.375],"faces":{"north":{"uv":[13.5,10,16,12.5],"texture":"#c"},"east":{"uv":[13.5,10,16,12.5],"texture":"#c"},"south":{"uv":[13.5,10,16,12.5],"texture":"#c"},"west":{"uv":[13.5,10,16,12.5],"texture":"#c"},"up":{"uv":[0,2,16,4],"rotation":270,"texture":"#c"},"down":{"uv":[0,2,16,4],"rotation":270,"texture":"#c"}}},{"from":[10.875,5.25,6.875],"to":[11.755,7.375,12.375],"rotation":{"angle":45,"axis":"z","origin":[10.875,5.25,6.875]},"faces":{"north":{"uv":[13.5,10,16,12.5],"texture":"#c"},"east":{"uv":[13.5,10,16,12.5],"texture":"#c"},"south":{"uv":[13.5,10,16,12.5],"texture":"#c"},"west":{"uv":[13.5,10,16,12.5],"texture":"#c"},"up":{"uv":[0,6,16,4],"rotation":90,"texture":"#c"},"down":{"uv":[0,6,16,4],"rotation":90,"texture":"#c"}}},{"from":[9.375,5.875,6.875],"to":[11.5,6.75,12.375],"faces":{"north":{"uv":[13.5,10,16,12.5],"texture":"#c"},"east":{"uv":[0,0,16,2],"texture":"#c"},"south":{"uv":[13.5,10,16,12.5],"texture":"#c"},"west":{"uv":[0,2,16,4],"texture":"#c"},"up":{"uv":[13.5,10,16,12.5],"texture":"#c"},"down":{"uv":[13.5,10,16,12.5],"texture":"#c"}}},{"from":[10.62,4.625,6.875],"to":[11.5,6.75,12.375],"rotation":{"angle":-45,"axis":"z","origin":[11.5,6.75,6.875]},"faces":{"north":{"uv":[13.5,10,16,12.5],"texture":"#c"},"east":{"uv":[13.5,10,16,12.5],"texture":"#c"},"south":{"uv":[13.5,10,16,12.5],"texture":"#c"},"west":{"uv":[13.5,10,16,12.5],"texture":"#c"},"up":{"uv":[0,3.5,16,6],"rotation":90,"texture":"#c"},"down":{"uv":[0,3.5,16,6],"rotation":90,"texture":"#c"}}},{"from":[9.875,5.75,12.375],"to":[11,6.875,12.625],"faces":{"north":{"uv":[0,10.5,5.5,16],"texture":"#c"},"east":{"uv":[5.5,10,0,11],"rotation":90,"texture":"#c"},"south":{"uv":[0,10.5,5.5,16],"texture":"#c"},"west":{"uv":[0,11,5.5,10],"rotation":90,"texture":"#c"},"up":{"uv":[0,10,5.5,11],"texture":"#c"},"down":{"uv":[5.5,11,0,10],"texture":"#c"}}},{"from":[3.875,6,8.375],"to":[4.125,6.625,10.875],"faces":{"north":{"uv":[12,9.5,13,6],"rotation":180,"texture":"#c"},"east":{"uv":[0,6,12.5,9.5],"texture":"#c"},"south":{"uv":[12,9.5,13,6],"rotation":180,"texture":"#c"},"west":{"uv":[0,6,12.5,9.5],"texture":"#c"},"up":{"uv":[0,9,12.5,10],"rotation":90,"texture":"#c"},"down":{"uv":[0,9,12.5,10],"rotation":90,"texture":"#c"}}}],"gui_light":"front","display":{"thirdperson_righthand":{"rotation":[70,0,0],"translation":[0.3,2,-2.5],"scale":[1.3,1.3,1.3]},"thirdperson_lefthand":{"rotation":[70,0,0],"translation":[0.3,2,-2.5],"scale":[0,0,0]},"firstperson_righthand":{"rotation":[5,0,0],"translation":[1,1,2],"scale":[0,0,0]},"firstperson_lefthand":{"rotation":[5,0,0],"translation":[-18,1,2],"scale":[1.5,1.5,1.5]},"gui":{"rotation":[90,45,-90],"translation":[1.75,-2.5,0],"scale":[0.65,0.65,0.65]}}}